exceptions,observations,hit_ratio,LR_uc,p_value
211,3837,0.05499087829033099,382.0405476832575,0.0
